RMSE_train,R2_train,RMSE_val,R2_val,RMSE_test,R2_test
1.090353600083536,0.10627073763700723,1.0947559831733786,0.10452451921195272,1.0902387292703364,0.10568219464037087
